prediction,probability,gift
0,0.0008,
0,0.0598,
0,0.0731,
0,0.0008,
0,0.0608,
0,0.1946,
0,0.1020,
0,0.3139,
0,0.3564,
0,0.0195,
0,0.0584,
0,0.0188,
0,0.1351,
0,0.0857,
0,0.3143,
1,0.5775,B
0,0.0450,
0,0.0435,
0,0.0694,
0,0.1175,
0,0.1035,
0,0.0569,
0,0.0627,
0,0.3137,
0,0.0565,
0,0.2484,
0,0.2154,
0,0.3122,
0,0.0159,
0,0.3237,
0,0.1930,
0,0.0227,
0,0.0906,
0,0.2178,
0,0.0008,
0,0.2185,
0,0.2444,
1,0.5799,B
0,0.1241,
0,0.1102,
0,0.3558,
1,0.7173,B
1,0.4316,
1,0.5418,
1,0.5768,
1,0.6606,B
0,0.1234,
0,0.0374,
1,0.7702,B
0,0.1234,
0,0.1692,
0,0.3643,
0,0.1267,
0,0.1692,
0,0.1692,
0,0.1692,
0,0.1420,
0,0.1692,
0,0.2935,
1,0.6021,
1,0.7030,A
1,0.5504,
0,0.2327,
1,0.8397,B
1,0.8236,A
0,0.0168,
1,0.5406,B
0,0.0798,
1,0.4894,
1,0.8455,
1,0.6729,
0,0.0170,
1,0.5468,
1,0.8128,B
0,0.0097,
0,0.2475,
0,0.0766,
1,0.4912,
1,0.5012,D
0,0.3323,
0,0.0467,
0,0.0467,
0,0.0467,
0,0.0511,
1,0.6743,
1,0.8573,B
0,0.0201,
1,0.4475,
0,0.3315,
1,0.5280,B
1,0.4824,B
1,0.4824,B
0,0.0838,
0,0.2220,
1,0.4824,B
1,0.5280,B
0,0.3074,
1,0.4824,B
0,0.1492,
1,0.7480,B
0,0.3989,
0,0.3824,
0,0.3824,
0,0.3921,
0,0.3824,
0,0.3824,
0,0.3824,
1,0.4798,
1,0.4691,
0,0.0863,
1,0.4850,
1,0.4912,
1,0.4334,
0,0.1267,
0,0.1234,
0,0.1234,
0,0.1267,
1,0.4728,
0,0.3497,
1,0.5659,
0,0.1234,
0,0.3441,
1,0.5720,
0,0.1719,
0,0.0875,
0,0.0875,
1,0.6852,D
1,0.8551,B
0,0.0668,
1,0.7196,B
1,0.9196,A
0,0.1786,
1,0.7591,
0,0.2103,
1,0.8082,B
0,0.0268,
0,0.2136,
0,0.3348,
1,0.6383,D
1,0.7212,
0,0.0612,
0,0.0549,
0,0.1342,
1,0.9197,B
1,0.5057,
1,0.5288,B
0,0.0497,
0,0.2722,
1,0.4665,
1,0.7458,
1,0.7797,
0,0.1331,
1,0.8503,B
1,0.6461,
1,0.5203,
1,0.6922,
1,0.5283,
1,0.5847,
0,0.1237,
0,0.3105,
0,0.1557,
1,0.6091,
0,0.2460,
0,0.1166,
1,0.6447,
0,0.1918,
0,0.1346,
0,0.1346,
0,0.1346,
0,0.1166,
0,0.1215,
1,0.7779,B
1,0.7751,
0,0.1584,
1,0.7352,A
1,0.7264,A
0,0.0650,
1,0.5901,
1,0.7352,A
0,0.3917,
1,0.7264,A
0,0.1559,
1,0.7352,A
0,0.1857,
0,0.0306,
0,0.3086,
0,0.0906,
1,0.5300,
0,0.1633,
0,0.2074,
1,0.7608,
1,0.4335,B
0,0.2414,
0,0.1887,
0,0.1106,
0,0.1122,
0,0.1242,
1,0.7049,B
0,0.2706,
1,0.6868,B
1,0.6398,D
1,0.7409,D
0,0.2285,
1,0.9292,D
1,0.9292,D
1,0.6792,B
0,0.0443,
1,0.5624,
1,0.4431,B
1,0.7319,
0,0.4143,
0,0.0467,
1,0.6957,
1,0.6957,
1,0.6173,
0,0.3769,
0,0.3510,
1,0.5823,
1,0.7676,B
0,0.2465,
1,0.8361,A
0,0.3098,
0,0.3098,
0,0.1921,
1,0.7203,
1,0.6362,
1,0.6518,
1,0.9317,B
0,0.3098,
1,0.7669,B
0,0.0816,
1,0.4701,
0,0.3063,
1,0.6433,
1,0.8997,A
1,0.7910,
1,0.8464,D
1,0.4473,D
0,0.3826,
1,0.5745,
1,0.5911,B
1,0.5196,D
0,0.1234,
0,0.1267,
0,0.1267,
0,0.1267,
0,0.1267,
0,0.3929,
0,0.1834,
1,0.8147,D
0,0.1267,
0,0.1267,
0,0.1267,
0,0.3724,
0,0.1267,
0,0.1234,
0,0.1234,
0,0.3008,
0,0.0621,
0,0.1206,
0,0.0623,
1,0.7956,D
0,0.3191,
0,0.2117,
0,0.1736,
0,0.2829,
0,0.3002,
1,0.5613,
1,0.6049,
0,0.1692,
0,0.2410,
1,0.9602,A
0,0.1411,
1,0.7831,B
1,0.7502,
0,0.0829,
0,0.1692,
0,0.1692,
0,0.3266,
0,0.1342,
0,0.1921,
0,0.1342,
1,0.5373,B
0,0.4182,
1,0.4296,
0,0.4209,
1,0.4519,
0,0.0673,
0,0.3514,
0,0.3011,
0,0.4233,
0,0.1412,
1,0.5822,
1,0.5217,
0,0.1507,
1,0.5764,
1,0.4898,
1,0.4741,
1,0.7471,
1,0.6958,
0,0.1760,
1,0.8170,A
1,0.6212,
1,0.6608,
1,0.5981,
0,0.1736,
1,0.4748,
0,0.4159,
1,0.5700,
1,0.6656,D
1,0.8882,B
1,0.6656,D
0,0.3504,
0,0.3036,
1,0.6815,
1,0.8702,A
1,0.6188,
1,0.6238,
1,0.4897,
0,0.3934,
0,0.0678,
0,0.1346,
0,0.1346,
1,0.4978,
0,0.1346,
0,0.1346,
0,0.0957,
0,0.2711,
1,0.5283,
1,0.4674,
0,0.0402,
0,0.1199,
1,0.9058,B
0,0.0810,
0,0.0959,
1,0.5820,
0,0.1571,
0,0.3586,
0,0.2032,
0,0.0534,
1,0.4272,
1,0.5725,
0,0.1590,
0,0.3184,
0,0.3184,
0,0.2400,
1,0.7595,B
0,0.1372,
0,0.0985,
0,0.3428,
0,0.1670,
0,0.0170,
1,0.7433,A
0,0.2380,
0,0.0358,
0,0.0467,
0,0.0255,
1,0.8091,D
0,0.0416,
0,0.1346,
0,0.1353,
0,0.1122,
1,0.4743,
0,0.1346,
0,0.0678,
0,0.1346,
0,0.1346,
0,0.1346,
0,0.1512,
0,0.0466,
0,0.1332,
0,0.0159,
0,0.0252,
0,0.0743,
0,0.0697,
0,0.0723,
0,0.1100,
1,0.4595,B
0,0.3916,
0,0.0175,
1,0.5209,D
0,0.2109,
0,0.0188,
0,0.3991,
0,0.2236,
0,0.0184,
0,0.4082,
0,0.4082,
0,0.1226,
0,0.0202,
1,0.5995,
0,0.1226,
0,0.2076,
0,0.1192,
0,0.3407,
0,0.3046,
0,0.0563,
0,0.0659,
0,0.0937,
0,0.3278,
0,0.3349,
0,0.2840,
0,0.0208,
0,0.0979,
0,0.0151,
0,0.0990,
0,0.3886,
0,0.3475,
0,0.1608,
0,0.3965,
0,0.2147,
0,0.1591,
0,0.0460,
0,0.2998,
0,0.1633,
0,0.0841,
0,0.2892,
0,0.0029,
0,0.0521,
0,0.0139,
0,0.0871,
0,0.0871,
0,0.0273,
0,0.0030,
0,0.2101,
0,0.0871,
0,0.1095,
0,0.1065,
0,0.0566,
0,0.0566,
0,0.1036,
0,0.0567,
0,0.0273,
1,0.5284,
0,0.0897,
0,0.0486,
0,0.0448,
0,0.1073,
0,0.0028,
0,0.4213,
0,0.0544,
0,0.0028,
0,0.0027,
0,0.0014,
0,0.0028,
0,0.2093,
0,0.0027,
0,0.0028,
0,0.0027,
0,0.0028,
0,0.0307,
0,0.4195,
0,0.2752,
0,0.0825,
0,0.0229,
0,0.0220,
0,0.1465,
0,0.1000,
0,0.1012,
0,0.1169,
1,0.8414,
0,0.2024,
0,0.0384,
0,0.1054,
0,0.1480,
0,0.0149,
0,0.0371,
0,0.0689,
0,0.1403,
1,0.7512,B
0,0.2209,
0,0.3615,
0,0.2007,
1,0.4836,B
0,0.0646,
0,0.0892,
0,0.0554,
1,0.5682,B
0,0.0579,
0,0.0727,
0,0.0085,
0,0.0014,
0,0.0014,
0,0.0006,
0,0.0487,
0,0.0012,
0,0.1368,
0,0.3131,
0,0.2031,
0,0.2896,
1,0.7636,
0,0.0028,
0,0.0134,
0,0.0004,
0,0.0029,
0,0.0037,
1,0.5032,B
0,0.3321,
0,0.1468,
1,0.9113,D
0,0.3942,
0,0.0491,
0,0.0039,
0,0.0089,
1,0.5943,
0,0.0554,
0,0.1761,
0,0.1246,
0,0.1802,
0,0.0346,
1,0.5840,
0,0.0001,
0,0.3205,
0,0.3405,
0,0.0282,
0,0.2864,
0,0.1846,
0,0.0235,
1,0.4365,
0,0.0123,
1,0.5744,
0,0.0086,
0,0.2395,
1,0.6061,
0,0.2976,
0,0.4173,
0,0.1908,
0,0.0016,
1,0.6244,
0,0.3416,
0,0.0772,
0,0.3282,
1,0.8213,D
0,0.0862,
0,0.0118,
0,0.0687,
0,0.0086,
1,0.7774,B
0,0.0621,
1,0.5578,
1,0.6420,
0,0.0256,
0,0.2814,
0,0.1838,
0,0.4074,
0,0.0189,
0,0.0161,
0,0.0230,
0,0.2762,
1,0.7657,
0,0.0055,
0,0.0055,
0,0.0716,
0,0.0087,
0,0.0481,
0,0.0028,
0,0.0048,
0,0.0029,
0,0.0078,
0,0.0070,
0,0.0029,
0,0.0029,
0,0.0980,
0,0.0387,
0,0.1648,
0,0.1648,
0,0.1473,
0,0.0048,
0,0.0739,
0,0.0055,
0,0.0318,
0,0.0029,
0,0.0028,
0,0.0029,
0,0.0029,
0,0.0029,
0,0.1964,
0,0.0030,
0,0.0055,
0,0.0048,
0,0.0048,
0,0.0087,
0,0.0087,
0,0.0029,
0,0.0013,
0,0.0048,
0,0.0055,
0,0.0039,
0,0.0034,
0,0.0332,
1,0.5550,
0,0.1729,
1,0.5932,
0,0.0377,
0,0.1167,
0,0.0129,
0,0.0003,
0,0.0514,
0,0.0215,
0,0.2562,
1,0.4701,
0,0.1015,
0,0.0162,
0,0.2578,
0,0.0585,
1,0.5055,
0,0.2441,
0,0.1263,
1,0.4265,B
1,0.4539,B
0,0.2485,
0,0.0430,
0,0.0114,
0,0.0034,
1,0.5386,
0,0.0553,
0,0.0919,
0,0.0317,
0,0.0725,
0,0.3812,
0,0.0055,
0,0.0762,
0,0.3564,
0,0.0024,
1,0.5863,
1,0.5618,
0,0.3937,
0,0.4212,
0,0.0654,
0,0.2056,
0,0.0267,
0,0.3812,
0,0.3454,
0,0.2475,
0,0.0331,
0,0.2475,
0,0.0012,
0,0.0011,
0,0.0013,
0,0.0012,
0,0.1297,
0,0.0013,
0,0.0013,
0,0.0013,
0,0.0013,
0,0.0013,
0,0.0016,
0,0.0013,
0,0.0013,
0,0.0019,
0,0.0013,
0,0.0013,
0,0.0013,
0,0.0484,
0,0.0519,
0,0.0571,
0,0.0006,
0,0.0533,
0,0.0573,
0,0.2205,
0,0.0076,
0,0.0904,
0,0.0013,
0,0.0012,
0,0.0012,
0,0.0013,
0,0.0013,
0,0.0484,
0,0.0013,
0,0.0794,
0,0.2007,
0,0.0469,
0,0.0378,
0,0.1419,
0,0.0953,
1,0.9051,B
0,0.1098,
0,0.3678,
0,0.1597,
0,0.1475,
0,0.1372,
1,0.6080,
0,0.1802,
1,0.5552,
0,0.1115,
0,0.1202,
1,0.7933,A
0,0.3449,
0,0.1680,
0,0.3449,
0,0.3143,
1,0.5629,
0,0.0023,
0,0.1724,
0,0.1324,
0,0.1375,
0,0.0918,
0,0.0151,
0,0.3636,
0,0.0269,
0,0.1057,
0,0.1282,
0,0.0560,
0,0.2312,
1,0.5715,B
1,0.7397,A
1,0.4696,
1,0.4312,
1,0.4956,
1,0.5782,
1,0.5897,
0,0.0930,
0,0.1906,
0,0.0452,
0,0.0390,
0,0.2328,
0,0.0515,
1,0.8177,A
0,0.0399,
0,0.0034,
0,0.0002,
0,0.0051,
1,0.5555,B
1,0.5879,
1,0.8237,A
0,0.0043,
0,0.0007,
0,0.1282,
0,0.1282,
0,0.3402,
0,0.0013,
0,0.0013,
0,0.0013,
0,0.2486,
0,0.0052,
0,0.0746,
0,0.0557,
0,0.0511,
0,0.1122,
0,0.0014,
0,0.0450,
0,0.1576,
0,0.0746,
0,0.0006,
0,0.0450,
0,0.0026,
0,0.0047,
0,0.0186,
0,0.0227,
0,0.2036,
0,0.0568,
0,0.1244,
1,0.4603,
0,0.1741,
0,0.3965,
0,0.0013,
1,0.5138,A
0,0.1399,
0,0.1776,
0,0.1188,
1,0.7022,B
0,0.1476,
1,0.5430,
0,0.1910,
0,0.0347,
1,0.7013,B
0,0.0210,
0,0.1765,
0,0.0228,
1,0.4331,
0,0.0026,
0,0.0712,
0,0.2007,
0,0.1778,
0,0.0637,
0,0.0561,
0,0.1211,
0,0.1934,
0,0.0612,
0,0.0625,
0,0.4179,
1,0.7755,B
0,0.0302,
0,0.0712,
0,0.0226,
0,0.0010,
0,0.0711,
0,0.0779,
0,0.1364,
0,0.0260,
0,0.0006,
0,0.0059,
0,0.1141,
0,0.0808,
0,0.0588,
0,0.0013,
0,0.0013,
0,0.1089,
1,0.4599,
0,0.0038,
0,0.0013,
0,0.0024,
0,0.0095,
0,0.2147,
0,0.1337,
0,0.1469,
0,0.0675,
0,0.0006,
0,0.0644,
0,0.0210,
0,0.2912,
0,0.0029,
1,0.4432,
0,0.0650,
0,0.0053,
1,0.6264,
0,0.0096,
0,0.0650,
0,0.0017,
1,0.6114,D
0,0.0151,
0,0.0003,
0,0.3715,
0,0.3422,
0,0.3293,
0,0.0760,
1,0.5068,
0,0.0411,
0,0.0357,
0,0.0735,
0,0.2185,
0,0.0334,
0,0.1129,
1,0.6487,
1,0.8347,B
0,0.0394,
0,0.2918,
0,0.0032,
0,0.3108,
0,0.2312,
0,0.1243,
0,0.3324,
1,0.7680,A
0,0.3554,
1,0.5668,A
0,0.0058,
0,0.2566,
0,0.1065,
0,0.0006,
1,0.6138,B
0,0.0945,
0,0.2810,
0,0.0603,
1,0.4898,
0,0.1064,
0,0.0573,
0,0.0174,
1,0.5750,
1,0.5675,
0,0.0383,
0,0.2129,
0,0.0381,
0,0.0225,
0,0.1790,
1,0.7737,A
0,0.0420,
0,0.1419,
0,0.1691,
0,0.0700,
0,0.0425,
1,0.4792,D
0,0.1747,
0,0.1322,
0,0.0724,
0,0.4007,
1,0.7806,
1,0.6078,D
1,0.6073,
0,0.1727,
1,0.5269,
0,0.0420,
0,0.0358,
0,0.0384,
0,0.0005,
1,0.7921,B
0,0.0666,
0,0.1882,
0,0.0309,
0,0.0013,
0,0.0058,
0,0.0023,
0,0.0054,
0,0.0054,
0,0.4235,
0,0.0023,
0,0.1367,
0,0.0028,
0,0.0083,
0,0.0097,
0,0.0097,
0,0.0055,
0,0.0031,
0,0.0048,
0,0.0775,
0,0.1089,
0,0.1790,
0,0.3066,
1,0.6380,
0,0.0245,
0,0.0013,
0,0.0635,
0,0.0154,
0,0.1680,
0,0.0059,
0,0.1419,
0,0.0414,
0,0.1231,
0,0.0078,
0,0.0111,
0,0.0055,
0,0.0055,
0,0.0489,
0,0.0517,
0,0.0276,
0,0.0704,
0,0.0615,
0,0.1364,
0,0.0019,
0,0.0634,
0,0.1261,
0,0.1360,
1,0.7179,
1,0.6244,
0,0.2550,
0,0.0005,
0,0.1360,
0,0.0383,
0,0.0647,
0,0.0383,
1,0.7633,B
0,0.0890,
1,0.5089,
0,0.2215,
0,0.1495,
0,0.2215,
0,0.0356,
0,0.0289,
0,0.0383,
0,0.1340,
1,0.7299,D
0,0.1908,
0,0.2352,
0,0.0792,
0,0.0097,
0,0.1501,
0,0.0356,
0,0.0586,
0,0.0695,
0,0.0707,
0,0.1931,
0,0.1060,
0,0.1652,
0,0.2224,
0,0.1624,
1,0.8480,B
0,0.0552,
0,0.0972,
0,0.2324,
0,0.1168,
0,0.0043,
0,0.0579,
1,0.6177,B
0,0.1529,
0,0.2223,
1,0.8565,B
0,0.0525,
0,0.0116,
0,0.2758,
0,0.0084,
0,0.0015,
1,0.6262,D
0,0.0303,
0,0.0577,
0,0.0854,
0,0.2662,
0,0.0303,
0,0.0183,
0,0.1730,
0,0.0365,
0,0.1333,
0,0.0988,
0,0.1012,
0,0.0770,
0,0.1012,
0,0.0957,
0,0.0371,
0,0.1057,
0,0.0188,
0,0.0534,
0,0.0012,
0,0.0084,
0,0.0084,
0,0.0084,
0,0.0084,
0,0.0310,
0,0.0957,
0,0.0957,
0,0.0983,
0,0.1881,
0,0.0188,
0,0.0012,
0,0.0188,
0,0.0015,
0,0.0467,
0,0.0552,
0,0.0223,
0,0.0544,
0,0.1767,
0,0.0160,
0,0.0856,
0,0.2222,
0,0.0915,
0,0.0555,
0,0.1024,
0,0.0013,
0,0.1926,
0,0.1396,
0,0.0591,
0,0.1922,
0,0.1067,
0,0.0996,
0,0.0738,
0,0.3253,
0,0.1521,
0,0.1224,
1,0.6013,
1,0.5974,B
0,0.0005,
0,0.0314,
0,0.1064,
0,0.2098,
0,0.1132,
0,0.1132,
0,0.1918,
0,0.0026,
0,0.1374,
0,0.3035,
1,0.5988,
0,0.0637,
0,0.1252,
1,0.7717,B
0,0.0325,
0,0.2199,
1,0.6938,
0,0.0233,
0,0.0001,
0,0.0896,
0,0.1358,
0,0.1671,
1,0.4538,
0,0.0004,
0,0.0189,
0,0.1453,
0,0.0563,
0,0.0617,
0,0.0339,
0,0.1075,
0,0.1084,
0,0.0272,
0,0.1084,
1,0.6938,
1,0.5901,
0,0.0055,
0,0.2478,
0,0.0514,
1,0.5384,
0,0.0010,
0,0.1850,
0,0.0451,
0,0.0536,
0,0.0029,
0,0.0031,
0,0.0013,
1,0.7566,B
0,0.0318,
0,0.0364,
0,0.0003,
0,0.0452,
0,0.1031,
1,0.6618,
0,0.0588,
0,0.0760,
1,0.6774,A
0,0.3017,
0,0.0729,
0,0.0452,
1,0.7764,
0,0.0055,
0,0.0424,
1,0.5647,
1,0.4827,
0,0.0845,
0,0.2582,
0,0.1421,
0,0.1724,
0,0.0389,
0,0.1724,
1,0.7679,B
0,0.0053,
0,0.0151,
0,0.0468,
0,0.1028,
0,0.0146,
0,0.0071,
0,0.1601,
0,0.2906,
0,0.1914,
0,0.0447,
0,0.0462,
0,0.0462,
0,0.2125,
0,0.2019,
0,0.1461,
0,0.1422,
1,0.4742,A
0,0.1901,
0,0.0477,
1,0.5741,
1,0.8143,B
1,0.5779,
0,0.2039,
1,0.5883,
0,0.0357,
0,0.0878,
0,0.0011,
1,0.5013,B
0,0.2039,
0,0.0023,
0,0.1168,
0,0.3127,
1,0.6422,
0,0.3177,
0,0.0443,
0,0.0014,
0,0.2848,
0,0.2976,
1,0.6178,
1,0.6244,
0,0.0298,
0,0.0403,
0,0.3475,
0,0.0403,
0,0.0909,
0,0.1592,
0,0.2150,
0,0.2472,
0,0.3536,
0,0.1716,
1,0.4995,
0,0.1074,
0,0.0417,
0,0.0597,
0,0.1272,
0,0.0189,
0,0.1318,
0,0.3368,
0,0.2000,
1,0.5061,
0,0.0277,
0,0.0455,
1,0.6158,A
0,0.2808,
0,0.0020,
0,0.0455,
0,0.0376,
0,0.0376,
0,0.0455,
0,0.0772,
0,0.0897,
0,0.0379,
0,0.2143,
0,0.3778,
0,0.0455,
0,0.0455,
0,0.0376,
0,0.1852,
0,0.0007,
0,0.0845,
0,0.1934,
0,0.0583,
0,0.0760,
0,0.0815,
0,0.1904,
0,0.0046,
0,0.2894,
0,0.0046,
1,0.5600,
0,0.0409,
0,0.0055,
0,0.0158,
0,0.1452,
0,0.0946,
0,0.0029,
0,0.0021,
1,0.5740,
0,0.0019,
0,0.0023,
0,0.0660,
0,0.0698,
0,0.1982,
0,0.0034,
0,0.0022,
0,0.0853,
1,0.5498,
0,0.1082,
0,0.0673,
0,0.0229,
0,0.1454,
0,0.0039,
0,0.0090,
0,0.1382,
0,0.0716,
0,0.0036,
0,0.0055,
0,0.0229,
0,0.1890,
1,0.4714,
0,0.0330,
1,0.4387,
0,0.0048,
0,0.4217,
0,0.1909,
0,0.0053,
0,0.0048,
0,0.1804,
0,0.3656,
0,0.0649,
0,0.3624,
1,0.4387,
0,0.2875,
0,0.0877,
0,0.0401,
0,0.2679,
0,0.0216,
0,0.0048,
0,0.0048,
0,0.2819,
0,0.3624,
0,0.0704,
0,0.0156,
0,0.2925,
0,0.0897,
0,0.0716,
0,0.0180,
0,0.3711,
1,0.7196,B
1,0.6563,B
1,0.6717,B
1,0.4798,D
1,0.6717,B
1,0.6717,B
1,0.7173,B
1,0.7173,B
0,0.0893,
0,0.1064,
1,0.6717,B
1,0.7173,B
0,0.0027,
0,0.0358,
0,0.0003,
0,0.0318,
0,0.0092,
0,0.0597,
0,0.0517,
0,0.3711,
1,0.5305,
0,0.0385,
1,0.6704,
0,0.0757,
0,0.1064,
0,0.1302,
0,0.0731,
0,0.0284,
0,0.0010,
0,0.0800,
0,0.2061,
0,0.0010,
0,0.0005,
0,0.0010,
0,0.3485,
0,0.0010,
0,0.0009,
0,0.1312,
0,0.0009,
0,0.0010,
0,0.0010,
0,0.0010,
0,0.0010,
0,0.0234,
0,0.0010,
0,0.0710,
0,0.0284,
0,0.0141,
0,0.0015,
0,0.0436,
0,0.0024,
0,0.0128,
0,0.0124,
0,0.0588,
0,0.0004,
0,0.1073,
0,0.0306,
0,0.0118,
0,0.0041,
0,0.0325,
0,0.0068,
0,0.2679,
0,0.0613,
0,0.2829,
0,0.3766,
1,0.7589,D
0,0.0136,
0,0.0057,
0,0.0059,
0,0.1623,
0,0.0432,
0,0.1495,
0,0.0195,
0,0.2773,
0,0.0786,
0,0.0049,
0,0.0286,
0,0.0004,
0,0.0035,
0,0.0035,
0,0.0808,
0,0.2403,
0,0.1496,
0,0.1215,
0,0.1194,
0,0.1215,
0,0.0058,
1,0.8979,D
0,0.0007,
0,0.0098,
0,0.0042,
0,0.0015,
0,0.0125,
0,0.0907,
0,0.0115,
0,0.3070,
0,0.0003,
0,0.0167,
0,0.1135,
0,0.0372,
0,0.0969,
0,0.0069,
0,0.1152,
1,0.9225,B
0,0.0734,
0,0.1547,
0,0.1479,
0,0.0394,
1,0.5040,B
0,0.0056,
0,0.1748,
0,0.0082,
0,0.1477,
0,0.0062,
0,0.0360,
0,0.2591,
0,0.0311,
1,0.5147,
0,0.0340,
1,0.6042,D
0,0.0310,
0,0.0144,
0,0.0215,
0,0.0026,
0,0.0076,
0,0.3364,
0,0.2063,
0,0.0091,
1,0.6796,D
1,0.5778,
0,0.0312,
0,0.0147,
0,0.4014,
1,0.6196,
0,0.0015,
0,0.3924,
1,0.7930,D
0,0.1683,
0,0.1524,
0,0.0014,
0,0.2206,
0,0.0323,
0,0.0050,
0,0.0880,
0,0.0276,
0,0.0275,
0,0.0910,
0,0.1090,
0,0.0035,
0,0.2609,
0,0.3171,
0,0.0092,
0,0.0005,
0,0.1408,
0,0.0088,
0,0.2000,
0,0.2609,
1,0.7014,D
0,0.2728,
0,0.0062,
1,0.5511,B
0,0.0047,
0,0.0008,
0,0.0002,
0,0.0004,
0,0.0032,
0,0.0605,
0,0.0021,
0,0.1439,
0,0.0021,
0,0.0023,
0,0.0023,
0,0.0021,
0,0.0023,
0,0.0023,
1,0.7513,D
0,0.0054,
0,0.0091,
0,0.0023,
0,0.0047,
0,0.2809,
0,0.0254,
0,0.2615,
0,0.0030,
0,0.2473,
0,0.0045,
0,0.3911,
0,0.0016,
0,0.0005,
0,0.0402,
0,0.0007,
0,0.0010,
1,0.5221,
0,0.0661,
1,0.7206,B
1,0.7342,B
1,0.6513,
1,0.6513,
1,0.6782,D
1,0.7876,B
0,0.3034,
0,0.0512,
1,0.4386,
1,0.4581,
0,0.1532,
0,0.0029,
0,0.3090,
1,0.4921,
0,0.1846,
0,0.0699,
0,0.4176,
1,0.5623,
0,0.2380,
0,0.0006,
0,0.3001,
0,0.0061,
0,0.1295,
0,0.3610,
0,0.0351,
0,0.0056,
1,0.7219,
0,0.0017,
0,0.0027,
0,0.3664,
0,0.4059,
0,0.0890,
0,0.0455,
0,0.0441,
0,0.0455,
0,0.0455,
0,0.2985,
0,0.0800,
0,0.1575,
0,0.3003,
1,0.7987,
0,0.1025,
0,0.0263,
0,0.2103,
0,0.0472,
1,0.5426,
0,0.2762,
0,0.0056,
0,0.0016,
0,0.3059,
0,0.1173,
0,0.1103,
1,0.4289,
0,0.0357,
0,0.3456,
0,0.3417,
0,0.2159,
0,0.0974,
0,0.0156,
0,0.0971,
0,0.0457,
0,0.4179,
1,0.6115,
1,0.6029,
0,0.0897,
1,0.5231,
0,0.0462,
0,0.1874,
0,0.1570,
0,0.2285,
0,0.3069,
0,0.2176,
1,0.4512,
1,0.5952,
0,0.0117,
0,0.0010,
0,0.1191,
0,0.1538,
0,0.0628,
0,0.0048,
0,0.0608,
0,0.0019,
0,0.0992,
0,0.0003,
0,0.1678,
0,0.0671,
0,0.0009,
0,0.1300,
0,0.0052,
0,0.3279,
0,0.0061,
0,0.3943,
0,0.3680,
0,0.0233,
0,0.1557,
0,0.1419,
0,0.1310,
0,0.1557,
0,0.1310,
0,0.1310,
0,0.1189,
0,0.1557,
0,0.1557,
0,0.1557,
0,0.1310,
0,0.1557,
0,0.1557,
0,0.0507,
0,0.1310,
0,0.0009,
0,0.1557,
0,0.1557,
0,0.1557,
0,0.0061,
0,0.1083,
0,0.0328,
0,0.1647,
0,0.0019,
0,0.0017,
0,0.0023,
0,0.1557,
0,0.1083,
0,0.1189,
0,0.1189,
0,0.1253,
0,0.1189,
0,0.1083,
0,0.1348,
0,0.1557,
0,0.1557,
0,0.1189,
1,0.9028,D
0,0.1310,
0,0.0697,
0,0.0192,
0,0.2912,
0,0.1034,
0,0.0215,
1,0.5317,
0,0.1293,
0,0.1771,
0,0.0451,
1,0.5152,
0,0.2964,
0,0.0909,
0,0.1788,
0,0.1742,
0,0.0289,
0,0.1802,
0,0.1189,
1,0.8833,D
0,0.1310,
1,0.8833,D
0,0.1189,
0,0.1310,
0,0.0578,
0,0.1189,
0,0.1189,
0,0.0946,
0,0.1310,
0,0.1189,
0,0.1083,
0,0.1189,
0,0.0422,
0,0.3563,
1,0.7202,B
0,0.1083,
0,0.1310,
0,0.1492,
0,0.0397,
1,0.4687,
1,0.9263,D
0,0.0012,
0,0.0646,
0,0.0804,
0,0.0646,
0,0.0366,
0,0.0775,
0,0.0243,
0,0.0049,
0,0.0098,
0,0.0098,
0,0.0870,
0,0.0385,
0,0.0013,
0,0.0022,
0,0.0022,
0,0.0023,
0,0.0335,
0,0.0038,
0,0.1179,
1,0.7402,D
0,0.0681,
0,0.2003,
0,0.0627,
0,0.1380,
1,0.4978,
0,0.0250,
0,0.0266,
0,0.1302,
0,0.1557,
0,0.0465,
0,0.1407,
0,0.1557,
0,0.1419,
0,0.1310,
0,0.1557,
0,0.0291,
0,0.1189,
0,0.0154,
0,0.1557,
0,0.0496,
0,0.1557,
0,0.0946,
0,0.1788,
0,0.1083,
0,0.1083,
0,0.3347,
0,0.0222,
0,0.0663,
0,0.0329,
0,0.0261,
0,0.0005,
0,0.1682,
0,0.0363,
0,0.1310,
0,0.1189,
0,0.0740,
0,0.0646,
0,0.0646,
0,0.1056,
0,0.1633,
1,0.6385,
0,0.0128,
0,0.0021,
0,0.0015,
1,0.6541,
0,0.0015,
0,0.0015,
1,0.5844,
0,0.0916,
0,0.1557,
0,0.2018,
1,0.5670,
0,0.0602,
1,0.6487,B
0,0.0910,
0,0.0982,
1,0.6130,
0,0.0005,
0,0.0024,
0,0.0015,
0,0.0028,
0,0.3335,
1,0.5394,
0,0.3070,
0,0.0034,
0,0.0343,
0,0.0008,
0,0.2015,
0,0.0695,
1,0.5947,A
0,0.1654,
1,0.6251,
0,0.0012,
1,0.6985,
0,0.3719,
0,0.0845,
0,0.1066,
1,0.6537,
0,0.0012,
0,0.0012,
0,0.0012,
0,0.0015,
0,0.0015,
0,0.0015,
0,0.0023,
0,0.0015,
0,0.0015,
0,0.0012,
1,0.4787,
1,0.4246,
0,0.0037,
1,0.9373,D
1,0.8325,
0,0.1421,
0,0.1103,
0,0.0537,
0,0.0040,
0,0.0034,
0,0.0050,
0,0.0033,
0,0.0034,
0,0.0040,
0,0.0116,
0,0.0040,
0,0.0982,
0,0.0034,
0,0.0034,
0,0.3564,
0,0.1322,
0,0.2003,
0,0.0034,
0,0.0486,
0,0.2645,
1,0.7761,B
1,0.7764,B
1,0.7761,B
0,0.0192,
0,0.0643,
0,0.0040,
0,0.0601,
0,0.0050,
0,0.2686,
0,0.0050,
0,0.0486,
0,0.0014,
0,0.0034,
0,0.1973,
0,0.0824,
0,0.1140,
0,0.0334,
0,0.1226,
0,0.0010,
0,0.1529,
0,0.0007,
0,0.1121,
0,0.1076,
0,0.1071,
0,0.0376,
1,0.7681,B
0,0.0423,
0,0.2563,
0,0.1518,
0,0.1786,
0,0.0040,
0,0.0040,
0,0.0379,
0,0.0006,
0,0.0034,
0,0.2957,
0,0.0050,
0,0.0041,
0,0.0516,
0,0.1337,
0,0.1317,
0,0.1073,
0,0.0850,
0,0.0004,
0,0.3231,
0,0.0002,
0,0.0781,
0,0.0419,
0,0.2206,
0,0.1650,
1,0.4519,
0,0.2497,
0,0.2497,
0,0.0054,
0,0.0073,
0,0.0185,
0,0.0126,
0,0.0894,
0,0.2400,
0,0.2497,
1,0.4690,
0,0.2497,
0,0.3311,
1,0.6952,
0,0.3126,
1,0.7817,
0,0.1535,
0,0.0691,
1,0.7643,B
0,0.2887,
0,0.0017,
0,0.0857,
0,0.1056,
1,0.6428,
0,0.2153,
0,0.0019,
0,0.0242,
1,0.6800,
0,0.0099,
0,0.0712,
1,0.5315,
0,0.0008,
0,0.2806,
0,0.0017,
0,0.1340,
1,0.4587,
0,0.1832,
0,0.1832,
0,0.0004,
0,0.1386,
0,0.0185,
0,0.0588,
0,0.0041,
0,0.0013,
0,0.3241,
0,0.0028,
0,0.0047,
1,0.6126,
0,0.1817,
0,0.3603,
1,0.7459,
0,0.0595,
0,0.0587,
0,0.0644,
0,0.0595,
0,0.0587,
0,0.2106,
1,0.8433,B
0,0.2012,
0,0.0107,
0,0.0820,
0,0.1623,
0,0.1393,
1,0.5554,
0,0.0033,
0,0.0026,
0,0.0391,
0,0.0053,
0,0.0012,
0,0.0036,
1,0.6445,A
0,0.0255,
0,0.0348,
0,0.0053,
1,0.5250,B
0,0.4196,
0,0.1703,
0,0.3420,
0,0.0011,
0,0.0070,
0,0.0070,
0,0.1682,
0,0.0005,
1,0.7320,
0,0.0036,
0,0.2493,
0,0.0009,
0,0.0972,
0,0.0333,
0,0.0005,
0,0.1574,
0,0.0708,
1,0.6352,
0,0.0018,
1,0.4824,
0,0.2093,
0,0.0160,
1,0.8538,B
1,0.6636,
0,0.3914,
0,0.0014,
0,0.0019,
0,0.0045,
0,0.0038,
0,0.0773,
0,0.1455,
0,0.0006,
0,0.0282,
0,0.2968,
0,0.0503,
0,0.0194,
0,0.0045,
0,0.4218,
0,0.0104,
0,0.0032,
0,0.1570,
0,0.3675,
0,0.2923,
0,0.1395,
1,0.8064,
1,0.6688,
0,0.0011,
0,0.0024,
0,0.0096,
1,0.8529,B
1,0.8690,A
0,0.0064,
0,0.0023,
0,0.1290,
0,0.0017,
0,0.0033,
0,0.0942,
0,0.1205,
0,0.0843,
0,0.0267,
1,0.5673,
0,0.1560,
0,0.0019,
0,0.1620,
0,0.0307,
0,0.0019,
0,0.0078,
0,0.1355,
0,0.0294,
0,0.0019,
0,0.0555,
0,0.0023,
0,0.0023,
0,0.0316,
0,0.0040,
0,0.0038,
0,0.0022,
0,0.0036,
0,0.0019,
0,0.1091,
0,0.1192,
1,0.5682,
0,0.1919,
0,0.0015,
1,0.5368,
0,0.1645,
0,0.0443,
0,0.0255,
0,0.1562,
0,0.1562,
0,0.0468,
0,0.0348,
0,0.0397,
0,0.1341,
0,0.0028,
0,0.2094,
1,0.8027,B
0,0.1014,
0,0.1014,
0,0.0014,
0,0.0014,
0,0.0028,
0,0.0106,
0,0.0028,
0,0.0018,
0,0.0016,
0,0.1490,
0,0.3260,
0,0.0018,
1,0.7520,
1,0.4435,B
0,0.3132,
0,0.0633,
1,0.4435,B
0,0.2883,
0,0.2883,
1,0.8309,B
0,0.0023,
0,0.1311,
1,0.4792,
1,0.5791,
1,0.5722,
0,0.1584,
0,0.0015,
0,0.2010,
0,0.0669,
0,0.1846,
1,0.6951,A
1,0.5423,
1,0.5423,
0,0.2285,
0,0.0698,
0,0.1775,
0,0.0513,
0,0.1775,
1,0.5076,
0,0.3117,
0,0.1261,
0,0.0146,
0,0.0547,
0,0.1618,
0,0.1380,
0,0.0038,
0,0.0404,
0,0.0716,
0,0.1626,
0,0.2128,
0,0.1655,
0,0.0737,
0,0.0626,
0,0.0408,
0,0.0476,
0,0.2331,
0,0.1186,
0,0.2504,
0,0.2059,
1,0.8019,
1,0.6298,
0,0.3302,
0,0.0107,
0,0.3546,
0,0.0726,
0,0.2128,
0,0.1379,
0,0.1888,
0,0.1973,
0,0.2040,
0,0.0864,
1,0.5066,
0,0.0013,
0,0.1358,
0,0.0009,
0,0.0400,
0,0.0014,
0,0.0028,
1,0.4442,
0,0.1399,
0,0.0339,
0,0.0726,
0,0.0423,
0,0.1703,
1,0.4583,
0,0.2258,
0,0.1345,
0,0.0878,
0,0.0459,
0,0.1082,
0,0.0004,
0,0.0011,
0,0.0011,
1,0.7828,A
1,0.7828,A
0,0.0028,
0,0.2353,
1,0.6951,A
0,0.0011,
0,0.0014,
0,0.0014,
0,0.0028,
0,0.0011,
0,0.0032,
0,0.0011,
1,0.5673,
1,0.5519,
0,0.0369,
0,0.0634,
0,0.0351,
0,0.0010,
0,0.1341,
0,0.0549,
0,0.1427,
0,0.0284,
0,0.0348,
0,0.0014,
1,0.5427,
0,0.0074,
0,0.0032,
0,0.0588,
1,0.6985,A
0,0.1079,
0,0.1856,
0,0.1613,
0,0.0468,
0,0.0392,
0,0.3363,
0,0.0014,
0,0.0011,
0,0.0021,
0,0.0028,
0,0.0022,
0,0.3369,
0,0.2894,
1,0.5909,
0,0.0277,
0,0.0014,
0,0.3841,
1,0.4702,
0,0.0009,
0,0.0021,
0,0.0520,
0,0.2317,
0,0.0011,
0,0.0080,
0,0.0014,
0,0.0028,
0,0.1568,
0,0.0121,
1,0.5394,
1,0.7712,A
0,0.0173,
0,0.0050,
1,0.8029,A
0,0.0167,
0,0.2352,
1,0.6533,
0,0.0156,
1,0.8029,A
0,0.0915,
0,0.2874,
0,0.1015,
0,0.1604,
0,0.0537,
0,0.0537,
0,0.1016,
1,0.5519,
0,0.0464,
0,0.0055,
1,0.8061,
0,0.0008,
0,0.0014,
0,0.1665,
0,0.1180,
0,0.1056,
0,0.3632,
0,0.0944,
0,0.0522,
0,0.1583,
0,0.0069,
0,0.0119,
0,0.0119,
1,0.6377,
0,0.1874,
0,0.4036,
0,0.0011,
0,0.0056,
1,0.4408,
0,0.2380,
0,0.0062,
0,0.2506,
0,0.3856,
0,0.1030,
0,0.1583,
1,0.6377,
0,0.1583,
0,0.0228,
0,0.0026,
0,0.0859,
0,0.0039,
1,0.6302,
1,0.6865,
0,0.0408,
0,0.0038,
0,0.2023,
0,0.2764,
0,0.2144,
0,0.0043,
0,0.0036,
0,0.1442,
0,0.3078,
0,0.0388,
0,0.0659,
0,0.0014,
0,0.0016,
0,0.0028,
0,0.0018,
0,0.0014,
0,0.0028,
0,0.0009,
0,0.0028,
0,0.0172,
0,0.0014,
0,0.0017,
0,0.0028,
0,0.0415,
0,0.0027,
1,0.4369,
0,0.0028,
0,0.0028,
1,0.5306,
0,0.0089,
0,0.1201,
0,0.1854,
0,0.2299,
0,0.0004,
0,0.0041,
1,0.4319,
1,0.4339,
0,0.1827,
0,0.0242,
0,0.0004,
1,0.7140,
0,0.0486,
0,0.0124,
0,0.2713,
0,0.2010,
0,0.0693,
0,0.1400,
1,0.6901,
0,0.2787,
1,0.5474,
0,0.1926,
0,0.0914,
0,0.0011,
0,0.1680,
0,0.0957,
0,0.1698,
0,0.0475,
0,0.0003,
1,0.5269,
0,0.0323,
0,0.2645,
0,0.0346,
0,0.1104,
0,0.1089,
0,0.0005,
0,0.3411,
0,0.0012,
1,0.6600,D
0,0.3769,
0,0.3251,
0,0.0396,
0,0.0423,
0,0.1252,
0,0.0824,
0,0.1023,
0,0.0955,
0,0.2617,
0,0.1161,
0,0.1977,
0,0.0170,
0,0.0170,
0,0.0117,
0,0.0558,
0,0.0210,
0,0.0004,
1,0.5135,B
0,0.1771,
1,0.8548,
0,0.0051,
0,0.0056,
0,0.0044,
0,0.0044,
0,0.0019,
0,0.2542,
0,0.0548,
0,0.1042,
0,0.3847,
0,0.0572,
1,0.6827,B
0,0.0783,
1,0.5018,
0,0.3257,
1,0.6230,
0,0.0703,
0,0.0017,
0,0.3751,
1,0.7549,B
0,0.0471,
0,0.1300,
0,0.0260,
0,0.3543,
0,0.0409,
0,0.0633,
0,0.1557,
0,0.0633,
1,0.8703,A
0,0.0490,
1,0.7326,A
1,0.5964,
1,0.4544,
1,0.7867,A
0,0.3230,
0,0.0446,
0,0.0320,
0,0.0006,
0,0.0007,
1,0.8232,A
0,0.0690,
1,0.4303,
0,0.0003,
0,0.2359,
0,0.1891,
0,0.2295,
0,0.2600,
0,0.3858,
0,0.0615,
1,0.4564,
0,0.1030,
0,0.0052,
0,0.3000,
0,0.0449,
0,0.1171,
0,0.2359,
0,0.3084,
1,0.6964,A
1,0.4525,
0,0.0465,
0,0.0580,
0,0.0619,
0,0.0465,
0,0.0576,
1,0.6984,A
0,0.0738,
1,0.6215,
0,0.0299,
1,0.5934,
1,0.6613,B
0,0.0020,
0,0.0642,
0,0.0701,
1,0.5531,
1,0.4716,
0,0.2829,
1,0.6265,
1,0.4529,
0,0.0264,
0,0.3461,
0,0.0749,
0,0.1012,
0,0.0746,
0,0.0988,
0,0.0957,
0,0.1012,
0,0.0957,
0,0.0188,
0,0.0957,
0,0.0957,
0,0.0957,
0,0.0569,
1,0.5350,
0,0.0460,
1,0.4324,B
0,0.2221,
1,0.5641,
0,0.3624,
0,0.0521,
0,0.2984,
0,0.1146,
0,0.0066,
0,0.1061,
1,0.6435,
1,0.8649,A
0,0.0511,
0,0.3423,
0,0.3624,
0,0.0633,
0,0.2215,
0,0.0583,
0,0.0583,
1,0.5139,
0,0.1556,
1,0.4967,D
0,0.3147,
0,0.3101,
0,0.1102,
1,0.6061,
1,0.4450,B
0,0.0497,
0,0.0374,
0,0.0084,
0,0.3367,
0,0.2683,
0,0.0078,
0,0.0055,
0,0.0055,
0,0.0048,
0,0.0087,
0,0.0084,
0,0.0048,
0,0.0055,
1,0.5811,
0,0.0344,
0,0.0735,
0,0.0004,
0,0.0424,
1,0.6506,
1,0.6814,
0,0.0128,
0,0.0138,
0,0.0019,
0,0.1943,
1,0.4524,
0,0.0048,
1,0.7577,D
1,0.6311,D
0,0.1548,
0,0.1107,
0,0.0198,
0,0.0354,
0,0.0003,
0,0.0168,
0,0.0055,
0,0.3679,
0,0.0573,
1,0.4338,
1,0.6348,
0,0.0048,
0,0.2213,
0,0.0001,
0,0.0044,
0,0.0026,
0,0.0024,
0,0.0078,
0,0.0048,
0,0.0030,
0,0.0048,
1,0.6445,
0,0.1766,
1,0.7033,A
0,0.0936,
0,0.1456,
0,0.1697,
0,0.0492,
0,0.1431,
0,0.0621,
1,0.8187,B
0,0.0529,
1,0.6215,
0,0.0823,
0,0.0630,
1,0.4929,D
0,0.0823,
0,0.2997,
0,0.2423,
0,0.0736,
0,0.3638,
0,0.2362,
0,0.0500,
0,0.2063,
1,0.6237,
0,0.0003,
0,0.2102,
0,0.1377,
0,0.1169,
1,0.6480,B
0,0.1680,
0,0.4207,
0,0.4207,
0,0.0089,
0,0.0253,
1,0.5789,A
1,0.8629,B
0,0.3029,
0,0.0204,
0,0.1761,
1,0.5690,B
0,0.0570,
1,0.6454,
0,0.0004,
1,0.6636,D
0,0.0117,
0,0.3818,
0,0.0711,
0,0.0039,
1,0.7459,
1,0.5877,
1,0.4897,B
1,0.4515,
1,0.4775,B
0,0.0006,
0,0.0045,
0,0.0045,
0,0.0045,
0,0.0118,
0,0.0045,
0,0.0004,
1,0.5438,B
0,0.0446,
0,0.0009,
0,0.3564,
0,0.3713,
0,0.1069,
0,0.0845,
0,0.1020,
0,0.0004,
0,0.0608,
0,0.0608,
0,0.0370,
0,0.0006,
0,0.1323,
0,0.0009,
0,0.0580,
0,0.0708,
0,0.0006,
0,0.1853,
0,0.0435,
0,0.0857,
0,0.0815,
0,0.1155,
0,0.1340,
0,0.2302,
0,0.2302,
0,0.3694,
0,0.2302,
0,0.3694,
0,0.4232,
0,0.2751,
0,0.3253,
0,0.2330,
0,0.3540,
0,0.1379,
0,0.0832,
0,0.3137,
1,0.8459,B
0,0.4055,
0,0.0556,
1,0.7981,B
0,0.0005,
0,0.0013,
0,0.0733,
0,0.0011,
0,0.0009,
0,0.0009,
0,0.0446,
0,0.2207,
0,0.1804,
0,0.1822,
0,0.1159,
0,0.2032,
0,0.0013,
0,0.0002,
0,0.0003,
0,0.1114,
0,0.0933,
0,0.1035,
0,0.1077,
0,0.0006,
0,0.0007,
0,0.0226,
1,0.6555,
0,0.2457,
0,0.0018,
0,0.0012,
0,0.3494,
0,0.0012,
0,0.1590,
0,0.0013,
0,0.0004,
0,0.0009,
0,0.0712,
0,0.1666,
0,0.0267,
0,0.1914,
0,0.1050,
0,0.1297,
0,0.3805,
1,0.7508,
1,0.6691,D
0,0.1525,
1,0.7576,
0,0.3890,
0,0.2724,
1,0.7459,
1,0.5681,
1,0.5194,
1,0.4680,
1,0.5782,
1,0.4997,
1,0.4716,
1,0.7575,
1,0.5259,
1,0.8759,
1,0.4330,
0,0.0880,
0,0.3059,
1,0.4739,
1,0.4739,
1,0.6377,
1,0.6377,
1,0.6377,
1,0.5455,
0,0.3740,
1,0.4829,
0,0.2201,
1,0.4330,
0,0.0729,
1,0.9295,
0,0.1979,
1,0.5802,
0,0.0015,
0,0.1752,
0,0.3603,
0,0.1872,
0,0.1475,
0,0.2297,
1,0.6681,D
0,0.0784,
0,0.1139,
0,0.2914,
0,0.1280,
0,0.2184,
1,0.4344,
1,0.8381,
0,0.1471,
0,0.3132,
1,0.4319,
0,0.0863,
1,0.7102,
0,0.4217,
0,0.4093,
1,0.6347,
1,0.4702,
1,0.7538,
0,0.0656,
1,0.7791,
1,0.6384,
1,0.5684,
0,0.2672,
0,0.3338,
0,0.2097,
0,0.2329,
0,0.3355,
0,0.1374,
1,0.5767,
1,0.5767,
0,0.0705,
0,0.2712,
0,0.3009,
0,0.1532,
0,0.0670,
0,0.0502,
0,0.3151,
1,0.6822,
1,0.7959,
1,0.6613,
0,0.3541,
0,0.3043,
1,0.5849,
1,0.5205,
1,0.4426,
1,0.6062,
0,0.0006,
0,0.0005,
0,0.0007,
0,0.1850,
0,0.0014,
0,0.0006,
0,0.0003,
0,0.1596,
0,0.0003,
0,0.0016,
0,0.0004,
0,0.0004,
0,0.0547,
0,0.0003,
0,0.0003,
0,0.0002,
0,0.1598,
0,0.3207,
1,0.8265,
0,0.3320,
1,0.5443,
1,0.4374,
1,0.7611,
0,0.0838,
0,0.3311,
1,0.4628,
0,0.0757,
0,0.3123,
0,0.2144,
1,0.6421,
1,0.6703,
1,0.6997,
0,0.0969,
0,0.3983,
1,0.5231,
1,0.8091,
0,0.2325,
0,0.3805,
0,0.1495,
0,0.1006,
1,0.6315,
1,0.6679,
1,0.5210,
1,0.7596,
1,0.4559,
0,0.0760,
0,0.3262,
0,0.3201,
0,0.0342,
0,0.3789,
0,0.3341,
0,0.2187,
0,0.0880,
1,0.5329,
1,0.4528,
0,0.1869,
0,0.1241,
1,0.4464,
0,0.3056,
0,0.2452,
1,0.4755,
1,0.6331,
0,0.0365,
0,0.1010,
1,0.5043,
0,0.2753,
1,0.5657,
0,0.3555,
0,0.2753,
1,0.7160,
0,0.2296,
0,0.0459,
1,0.8903,D
0,0.0369,
0,0.2279,
0,0.2864,
0,0.3060,
0,0.2841,
0,0.2452,
1,0.5510,
0,0.2995,
0,0.1897,
0,0.3913,
0,0.3352,
0,0.3151,
0,0.2875,
1,0.7560,
1,0.8299,
0,0.4056,
1,0.7566,
0,0.3561,
1,0.7566,
1,0.5818,
0,0.0129,
0,0.1352,
1,0.8569,
1,0.5549,
1,0.5672,
0,0.0728,
0,0.3002,
0,0.0728,
1,0.7147,
1,0.8253,
1,0.5367,
0,0.3009,
0,0.1259,
0,0.4135,
0,0.1870,
1,0.4900,
1,0.4574,
0,0.2297,
0,0.1789,
1,0.8219,
1,0.7819,
1,0.5367,
0,0.0089,
1,0.7467,
0,0.2992,
0,0.1105,
0,0.3950,
1,0.5090,
1,0.5586,
1,0.8145,
1,0.5090,
0,0.0480,
0,0.4091,
0,0.4142,
1,0.7911,
0,0.1773,
1,0.7935,
1,0.5051,
1,0.5235,
1,0.8098,
1,0.5235,
1,0.5051,
1,0.5235,
1,0.7935,
0,0.1159,
0,0.0868,
1,0.6146,
0,0.0873,
0,0.0933,
0,0.0873,
0,0.3199,
0,0.2128,
1,0.5235,
1,0.7831,
0,0.0638,
0,0.1248,
0,0.0728,
1,0.5558,
1,0.6583,
0,0.2484,
0,0.3980,
1,0.5604,
1,0.4377,
0,0.3852,
0,0.1170,
0,0.1371,
0,0.0085,
0,0.0959,
1,0.5167,
0,0.1219,
1,0.5093,
1,0.5093,
0,0.1396,
0,0.2346,
0,0.2682,
0,0.1569,
1,0.7738,
1,0.5773,
0,0.1203,
0,0.2394,
0,0.1368,
0,0.1532,
0,0.3591,
0,0.3770,
0,0.0792,
1,0.4298,
0,0.2325,
1,0.8002,
1,0.5314,
1,0.8144,
0,0.4183,
1,0.4252,
1,0.4664,
0,0.2543,
0,0.0295,
0,0.2791,
1,0.4426,
0,0.0540,
0,0.1894,
1,0.5141,
0,0.2184,
1,0.4375,
1,0.7352,
1,0.6917,
0,0.0313,
0,0.1446,
0,0.1467,
0,0.0015,
0,0.0004,
0,0.0003,
0,0.1345,
0,0.0005,
0,0.0578,
0,0.0020,
0,0.0003,
0,0.1226,
0,0.0027,
0,0.0005,
0,0.1757,
0,0.0008,
0,0.1530,
0,0.0008,
1,0.7700,
0,0.2454,
0,0.1457,
0,0.2229,
0,0.1192,
0,0.0007,
0,0.0633,
0,0.0064,
1,0.4989,
0,0.1465,
0,0.1196,
0,0.0460,
0,0.0011,
0,0.0004,
0,0.0729,
0,0.0007,
0,0.3650,
0,0.0408,
0,0.0701,
0,0.0069,
0,0.0140,
0,0.1470,
0,0.0081,
0,0.0491,
0,0.0686,
0,0.2219,
0,0.0008,
0,0.4190,
0,0.0641,
0,0.0641,
0,0.0542,
0,0.0065,
0,0.0058,
0,0.0025,
0,0.0026,
0,0.0855,
1,0.4514,
0,0.1111,
0,0.0612,
0,0.0001,
0,0.1441,
0,0.1441,
0,0.3982,
0,0.0036,
0,0.2518,
0,0.0017,
0,0.0001,
0,0.0007,
0,0.2083,
0,0.0017,
0,0.0002,
0,0.1071,
0,0.0476,
0,0.0645,
0,0.2968,
0,0.0004,
0,0.0992,
0,0.0003,
0,0.0143,
0,0.0444,
0,0.0015,
0,0.0003,
0,0.4206,
0,0.0313,
0,0.2831,
0,0.0055,
0,0.3157,
0,0.0804,
0,0.0042,
0,0.0223,
0,0.0320,
0,0.0004,
0,0.0005,
0,0.0005,
0,0.0789,
0,0.1948,
0,0.0004,
0,0.0094,
0,0.0001,
0,0.0545,
0,0.3766,
0,0.0363,
0,0.0150,
0,0.0357,
0,0.0414,
0,0.0447,
0,0.3078,
0,0.0266,
0,0.0010,
0,0.0709,
0,0.1040,
0,0.0005,
0,0.0175,
0,0.0051,
0,0.0008,
0,0.0687,
0,0.0030,
0,0.0016,
0,0.0012,
0,0.0015,
0,0.0004,
0,0.0015,
0,0.0004,
0,0.0016,
0,0.0102,
0,0.2505,
0,0.1883,
0,0.0002,
0,0.0561,
0,0.0000,
0,0.0063,
0,0.0041,
0,0.0067,
0,0.0067,
0,0.0065,
0,0.0002,
0,0.0115,
0,0.0006,
0,0.0815,
0,0.0007,
0,0.0527,
0,0.0007,
0,0.0001,
0,0.0010,
0,0.0384,
0,0.0004,
0,0.0067,
1,0.8021,
0,0.0012,
0,0.1411,
1,0.5927,
0,0.2870,
0,0.0001,
0,0.0003,
0,0.0017,
0,0.0007,
0,0.0010,
0,0.1473,
0,0.2454,
0,0.0204,
0,0.1036,
0,0.0273,
0,0.0312,
0,0.0744,
0,0.0749,
0,0.1008,
0,0.0166,
0,0.0780,
0,0.0780,
0,0.0003,
0,0.3976,
0,0.4188,
0,0.0637,
0,0.1841,
0,0.2404,
0,0.0002,
0,0.0014,
0,0.2199,
0,0.2501,
0,0.2285,
0,0.1056,
0,0.1473,
0,0.0011,
0,0.3501,
0,0.0041,
0,0.0006,
0,0.1389,
0,0.0347,
0,0.3987,
0,0.0089,
0,0.0089,
0,0.0808,
1,0.5395,
0,0.0021,
0,0.3352,
1,0.6179,
0,0.0008,
0,0.0526,
0,0.0640,
1,0.7686,
0,0.0001,
0,0.1517,
0,0.2449,
0,0.3353,
0,0.0006,
0,0.2116,
0,0.4033,
0,0.0317,
0,0.0005,
0,0.0558,
1,0.8059,
0,0.0237,
1,0.5441,
1,0.8564,
0,0.0007,
0,0.0754,
0,0.0887,
0,0.0089,
0,0.0734,
0,0.0002,
0,0.0078,
0,0.0005,
0,0.1449,
0,0.2074,
0,0.0011,
0,0.3450,
1,0.5721,
0,0.0830,
0,0.1048,
0,0.2582,
0,0.0226,
0,0.4030,
0,0.0168,
0,0.1734,
0,0.0082,
0,0.0155,
0,0.0237,
0,0.0189,
0,0.0468,
0,0.0725,
0,0.0808,
0,0.2290,
0,0.0010,
0,0.0003,
0,0.0565,
0,0.0114,
0,0.3215,
0,0.0154,
1,0.5905,
0,0.0128,
0,0.0136,
0,0.0840,
0,0.2990,
0,0.0991,
0,0.0688,
0,0.1444,
0,0.3667,
0,0.0003,
1,0.6163,
0,0.2121,
0,0.0245,
0,0.0007,
0,0.2511,
0,0.1479,
1,0.5655,
0,0.0579,
0,0.2525,
1,0.4396,
1,0.5792,
0,0.0647,
0,0.1080,
0,0.4040,
0,0.0003,
1,0.8336,
0,0.0671,
0,0.4111,
0,0.0670,
0,0.4201,
0,0.0570,
0,0.1157,
0,0.0024,
0,0.0269,
1,0.4930,
1,0.4403,
1,0.4838,
0,0.4151,
1,0.4507,
0,0.4151,
1,0.4507,
1,0.4930,
1,0.4507,
0,0.0869,
0,0.2262,
0,0.2262,
0,0.1126,
0,0.0006,
0,0.3627,
0,0.0379,
0,0.1669,
0,0.0770,
0,0.0572,
0,0.0892,
0,0.2262,
0,0.3043,
1,0.4930,
0,0.0008,
0,0.0004,
0,0.0341,
0,0.1578,
0,0.0046,
0,0.1288,
1,0.5129,
0,0.2021,
0,0.0102,
1,0.4507,
0,0.0004,
0,0.0476,
0,0.0102,
0,0.0341,
0,0.0852,
1,0.5093,A
0,0.2148,
1,0.5501,
0,0.0172,
0,0.1483,
0,0.0001,
0,0.0003,
0,0.0568,
0,0.0100,
1,0.5085,
0,0.0001,
0,0.0548,
0,0.0003,
0,0.3167,
0,0.0002,
0,0.0006,
0,0.0538,
1,0.4917,
1,0.7645,
0,0.0006,
0,0.0022,
1,0.8516,
1,0.8750,
1,0.8515,
0,0.0033,
0,0.0792,
1,0.5417,
1,0.6734,
0,0.0686,
0,0.1491,
0,0.1028,
1,0.6303,
0,0.0351,
0,0.0214,
0,0.1832,
0,0.0901,
0,0.0672,
0,0.0359,
0,0.0046,
0,0.0560,
0,0.0001,
1,0.5522,
0,0.1979,
0,0.0228,
0,0.0114,
1,0.4440,
0,0.0186,
0,0.0009,
0,0.0003,
0,0.0008,
0,0.0007,
1,0.4276,
0,0.0149,
0,0.0004,
0,0.0005,
0,0.0003,
0,0.0009,
0,0.2193,
0,0.3187,
0,0.0003,
0,0.0840,
1,0.4495,
0,0.0157,
1,0.4580,
0,0.0324,
0,0.0413,
0,0.0019,
0,0.1137,
0,0.1282,
0,0.0584,
1,0.5099,
1,0.8155,
0,0.0004,
0,0.0010,
0,0.1287,
0,0.0451,
0,0.0009,
0,0.3289,
0,0.0010,
0,0.2864,
0,0.0087,
0,0.0525,
0,0.0896,
0,0.2252,
0,0.1800,
0,0.0953,
0,0.0006,
0,0.1254,
1,0.4876,
0,0.3333,
0,0.0009,
1,0.6528,
0,0.2325,
0,0.0021,
0,0.3568,
0,0.3981,
0,0.0003,
0,0.2435,
0,0.2179,
0,0.0005,
0,0.0014,
1,0.4409,
0,0.0730,
0,0.1577,
0,0.0013,
0,0.2933,
0,0.0445,
0,0.0498,
0,0.0306,
0,0.0372,
0,0.0065,
0,0.0065,
0,0.0063,
0,0.0065,
0,0.0457,
0,0.0063,
0,0.0041,
0,0.0065,
0,0.0063,
0,0.2000,
0,0.1161,
0,0.0593,
0,0.3135,
0,0.0196,
0,0.0005,
0,0.0016,
0,0.0002,
0,0.0009,
0,0.0422,
0,0.3528,
0,0.0480,
0,0.0563,
0,0.0042,
0,0.3572,
0,0.2819,
0,0.0471,
0,0.0003,
0,0.0615,
0,0.0504,
0,0.0617,
0,0.0328,
0,0.0005,
0,0.0405,
0,0.0488,
0,0.0570,
0,0.0525,
0,0.0231,
0,0.0014,
0,0.0020,
1,0.5529,
1,0.8144,
0,0.0003,
0,0.0021,
0,0.0004,
0,0.0005,
0,0.0003,
0,0.0007,
0,0.0007,
1,0.7844,
0,0.2047,
0,0.0003,
0,0.0928,
0,0.0001,
0,0.0004,
0,0.0005,
0,0.2825,
0,0.1343,
0,0.0626,
0,0.2270,
0,0.0543,
0,0.0003,
0,0.0002,
0,0.0003,
0,0.0008,
0,0.0005,
0,0.0911,
0,0.1490,
0,0.0510,
0,0.2015,
0,0.2554,
0,0.0010,
0,0.1065,
0,0.0002,
0,0.0009,
0,0.0006,
1,0.8460,
0,0.3367,
0,0.0584,
0,0.0644,
0,0.0002,
0,0.1265,
0,0.0003,
0,0.0012,
0,0.0003,
0,0.0013,
0,0.0390,
0,0.0009,
0,0.3822,
1,0.4643,
0,0.0488,
0,0.0844,
0,0.2423,
0,0.0283,
0,0.3341,
0,0.1135,
0,0.0189,
0,0.0003,
0,0.0718,
0,0.0204,
0,0.0720,
0,0.0638,
0,0.2677,
0,0.0006,
0,0.0261,
0,0.0002,
0,0.0002,
0,0.0721,
0,0.1859,
0,0.0009,
1,0.8125,
0,0.3011,
0,0.3889,
0,0.0692,
0,0.0692,
1,0.4331,
0,0.0728,
0,0.0003,
0,0.1186,
1,0.6133,
0,0.3359,
0,0.1626,
0,0.0374,
0,0.2346,
0,0.2183,
0,0.0313,
0,0.1347,
0,0.0007,
1,0.4429,
0,0.0546,
0,0.0468,
0,0.0306,
0,0.0599,
0,0.3511,
0,0.0853,
0,0.0087,
0,0.0829,
0,0.2510,
0,0.1477,
0,0.2191,
0,0.0010,
0,0.1496,
0,0.0560,
0,0.1718,
0,0.1255,
0,0.0443,
0,0.0443,
0,0.2498,
0,0.0484,
1,0.6781,
0,0.0632,
0,0.0484,
0,0.0369,
0,0.0639,
1,0.4414,
0,0.0096,
1,0.4924,
0,0.2434,
0,0.0100,
0,0.0419,
0,0.1370,
0,0.0157,
0,0.0747,
0,0.0001,
1,0.5685,A
1,0.7911,
0,0.0396,
1,0.8498,
0,0.1205,
0,0.3902,
0,0.0717,
0,0.0003,
0,0.0005,
0,0.0004,
0,0.0950,
0,0.0011,
0,0.2023,
0,0.0925,
0,0.0398,
0,0.0604,
1,0.5974,
0,0.0418,
0,0.0151,
0,0.0139,
0,0.0553,
0,0.2767,
1,0.6081,
0,0.0006,
0,0.3996,
0,0.1411,
0,0.1124,
0,0.0115,
1,0.8486,
0,0.0943,
0,0.0521,
1,0.6081,
0,0.0988,
0,0.0237,
0,0.2428,
0,0.0810,
0,0.2307,
0,0.1326,
0,0.0442,
0,0.0442,
1,0.7684,
0,0.0001,
0,0.0933,
0,0.0394,
1,0.5163,
0,0.0004,
0,0.1048,
0,0.0004,
0,0.0003,
0,0.0001,
1,0.7280,
1,0.5234,
0,0.0650,
0,0.1511,
1,0.7507,
0,0.3045,
0,0.3978,
0,0.2483,
0,0.0104,
0,0.0252,
0,0.0113,
0,0.0499,
0,0.0375,
0,0.0075,
0,0.2893,
0,0.0646,
0,0.0053,
0,0.0071,
0,0.0233,
0,0.0002,
0,0.0867,
0,0.0165,
0,0.0034,
0,0.0042,
0,0.1145,
0,0.3491,
0,0.3260,
0,0.0562,
0,0.0002,
0,0.0001,
0,0.2879,
0,0.2715,
0,0.1233,
0,0.2416,
0,0.3450,
0,0.0449,
1,0.4281,C
0,0.0771,
0,0.0004,
0,0.0341,
0,0.0003,
0,0.0171,
0,0.2361,
1,0.7788,
0,0.0164,
0,0.3208,
1,0.5728,
1,0.8012,
1,0.4973,
0,0.0596,
0,0.0446,
0,0.0446,
0,0.1517,
0,0.0516,
0,0.0211,
0,0.1188,
0,0.0133,
0,0.1785,
0,0.3205,
0,0.3584,
0,0.0883,
0,0.1713,
0,0.0002,
0,0.1679,
0,0.0003,
0,0.1619,
0,0.0004,
0,0.4035,
0,0.0001,
0,0.2955,
1,0.7402,
0,0.0414,
0,0.1804,
0,0.0005,
0,0.0147,
0,0.0017,
0,0.0719,
0,0.0021,
0,0.0903,
1,0.5053,
0,0.0010,
0,0.0004,
0,0.0725,
0,0.1575,
0,0.0005,
0,0.0388,
0,0.2283,
0,0.0469,
0,0.1390,
1,0.4896,A
0,0.0523,
0,0.0472,
0,0.0008,
0,0.0834,
1,0.6699,
0,0.0007,
0,0.2224,
0,0.1022,
1,0.4618,
0,0.0004,
0,0.0133,
0,0.1221,
0,0.1600,
0,0.0016,
0,0.0007,
1,0.6441,
1,0.4418,
0,0.2116,
0,0.2493,
0,0.0418,
0,0.0005,
0,0.3201,
0,0.0279,
0,0.1255,
0,0.0034,
0,0.2033,
0,0.0001,
0,0.0431,
0,0.0431,
0,0.0008,
0,0.1462,
0,0.0152,
0,0.0155,
0,0.0068,
0,0.0127,
0,0.0004,
0,0.1439,
0,0.0483,
0,0.0083,
0,0.1399,
0,0.0807,
0,0.0002,
1,0.7918,
0,0.1600,
0,0.0291,
0,0.0052,
0,0.1281,
1,0.4365,
0,0.0010,
0,0.3929,
0,0.0363,
0,0.0593,
1,0.6723,
0,0.2798,
0,0.1383,
0,0.1185,
1,0.7104,
0,0.1485,
0,0.0006,
0,0.0444,
0,0.0685,
0,0.2269,
1,0.4569,
0,0.0990,
0,0.2079,
0,0.3777,
0,0.0782,
0,0.0159,
1,0.6025,
0,0.1372,
0,0.0135,
1,0.7525,
0,0.0004,
1,0.8008,
1,0.7855,
1,0.7204,
0,0.0603,
0,0.0006,
0,0.0006,
0,0.2660,
0,0.0003,
0,0.0005,
0,0.0011,
0,0.2160,
0,0.1257,
0,0.2130,
0,0.1707,
0,0.1778,
0,0.0389,
0,0.1941,
0,0.2783,
0,0.1924,
0,0.0006,
1,0.6782,
0,0.0006,
0,0.2157,
0,0.0005,
1,0.4609,
1,0.4460,
0,0.0524,
1,0.8310,
0,0.0339,
0,0.0129,
0,0.0256,
0,0.0039,
0,0.0270,
0,0.1776,
0,0.0052,
0,0.4216,
1,0.5487,
0,0.2501,
1,0.4423,
0,0.0006,
0,0.0006,
0,0.0007,
0,0.0004,
0,0.3207,
0,0.0006,
0,0.2775,
0,0.1651,
0,0.0787,
0,0.3233,
0,0.0343,
0,0.1085,
0,0.2718,
0,0.2325,
0,0.0004,
1,0.5110,
1,0.5492,
0,0.0011,
0,0.0290,
0,0.1020,
1,0.7706,
0,0.0137,
0,0.2103,
0,0.0247,
0,0.0090,
0,0.0078,
0,0.0924,
0,0.0795,
0,0.0012,
0,0.1296,
0,0.0003,
0,0.4030,
0,0.0006,
0,0.2006,
0,0.0008,
1,0.8228,
0,0.0015,
0,0.0997,
0,0.2422,
0,0.2220,
0,0.0091,
0,0.3147,
0,0.0182,
0,0.2691,
1,0.8274,
0,0.0006,
0,0.0002,
0,0.0007,
0,0.3416,
0,0.0060,
0,0.0079,
0,0.0006,
0,0.1032,
0,0.2919,
0,0.0414,
0,0.0414,
0,0.0414,
0,0.0625,
0,0.1138,
0,0.1632,
0,0.0009,
0,0.0006,
0,0.0234,
0,0.0708,
0,0.0009,
0,0.1895,
0,0.0784,
0,0.0235,
0,0.2055,
0,0.0507,
0,0.0005,
0,0.0006,
0,0.2711,
0,0.0006,
0,0.2633,
0,0.2734,
0,0.0005,
0,0.0468,
0,0.0468,
0,0.0003,
0,0.2169,
0,0.0320,
0,0.1455,
0,0.4098,
0,0.1383,
0,0.0003,
0,0.1223,
0,0.0829,
0,0.3962,
0,0.0491,
0,0.0884,
1,0.6600,
0,0.0411,
0,0.0303,
0,0.0248,
0,0.0232,
0,0.0494,
0,0.0006,
0,0.1520,
0,0.0002,
0,0.1520,
1,0.8244,
0,0.1074,
0,0.2379,
0,0.2163,
0,0.0598,
0,0.0598,
0,0.0419,
0,0.0003,
0,0.1190,
0,0.2583,
0,0.0844,
0,0.0002,
0,0.0005,
0,0.0478,
0,0.0002,
0,0.3040,
0,0.1540,
0,0.1483,
0,0.0092,
0,0.0014,
0,0.1572,
0,0.0855,
0,0.0033,
1,0.7467,
0,0.0013,
0,0.0436,
0,0.0004,
0,0.4121,
0,0.0004,
0,0.0007,
0,0.1546,
0,0.0013,
1,0.5143,
0,0.1720,
0,0.2380,
0,0.0776,
0,0.1777,
1,0.4522,
0,0.0432,
0,0.0372,
0,0.3968,
0,0.3145,
0,0.0029,
0,0.0012,
0,0.0006,
0,0.0261,
0,0.0872,
0,0.2213,
0,0.1737,
0,0.1648,
0,0.2803,
0,0.2667,
0,0.0782,
0,0.0006,
1,0.8009,
0,0.1769,
1,0.9295,
0,0.0618,
0,0.0906,
0,0.0757,
0,0.0280,
0,0.0405,
0,0.0003,
0,0.0987,
0,0.3206,
1,0.7685,
0,0.1158,
0,0.2031,
0,0.0917,
0,0.1918,
0,0.0003,
0,0.0229,
0,0.0002,
0,0.0522,
0,0.1590,
0,0.0117,
0,0.0777,
0,0.2588,
0,0.1415,
0,0.2411,
0,0.2580,
0,0.1958,
0,0.0002,
0,0.1680,
0,0.0010,
0,0.0006,
0,0.0498,
0,0.0203,
0,0.1782,
0,0.0916,
0,0.1746,
0,0.2946,
0,0.2591,
0,0.0975,
0,0.0338,
0,0.0776,
0,0.1049,
0,0.0030,
0,0.0541,
0,0.1541,
0,0.0746,
0,0.0813,
0,0.0008,
0,0.0002,
0,0.1118,
0,0.1495,
0,0.0519,
0,0.0087,
0,0.3214,
1,0.4316,
0,0.0492,
0,0.0405,
0,0.0004,
0,0.4187,
0,0.0005,
0,0.0510,
0,0.0443,
0,0.0538,
0,0.1729,
0,0.2948,
0,0.1167,
0,0.2948,
1,0.6672,
0,0.0004,
0,0.3175,
1,0.7852,
0,0.0006,
0,0.0333,
0,0.2774,
0,0.1844,
0,0.0696,
0,0.0111,
1,0.4495,
1,0.7051,
0,0.2025,
0,0.0007,
0,0.2001,
0,0.0868,
0,0.0010,
0,0.1728,
0,0.0538,
1,0.5017,
0,0.0004,
0,0.0609,
0,0.0255,
0,0.2307,
0,0.1812,
0,0.2001,
0,0.3084,
1,0.6742,
0,0.4020,
0,0.2102,
0,0.2683,
0,0.0004,
0,0.0005,
0,0.2633,
0,0.0080,
1,0.7989,
0,0.2124,
0,0.4013,
1,0.5615,
0,0.0550,
0,0.0567,
0,0.2750,
0,0.2046,
0,0.0005,
0,0.0217,
0,0.0005,
0,0.0004,
0,0.0447,
0,0.0933,
0,0.1288,
0,0.0003,
0,0.0919,
0,0.0083,
0,0.0011,
0,0.1371,
0,0.2977,
0,0.2977,
0,0.2936,
0,0.0176,
0,0.0142,
0,0.3837,
0,0.2928,
0,0.0007,
0,0.1336,
0,0.1737,
1,0.6571,
0,0.0004,
0,0.1909,
0,0.1453,
0,0.1489,
1,0.6558,
0,0.1681,
0,0.0529,
0,0.4022,
0,0.0668,
0,0.1781,
0,0.0856,
0,0.4200,
0,0.4016,
0,0.1858,
0,0.1084,
0,0.0136,
1,0.8371,
0,0.1338,
1,0.7122,
0,0.0626,
0,0.1737,
0,0.0100,
0,0.0010,
1,0.7013,
1,0.5641,
0,0.0087,
0,0.0763,
0,0.0546,
0,0.3781,
0,0.3037,
0,0.3028,
0,0.3037,
0,0.0656,
0,0.0095,
0,0.4082,
0,0.0104,
0,0.1578,
0,0.0019,
0,0.0019,
0,0.1612,
0,0.0008,
1,0.4460,
1,0.7822,
1,0.7815,
1,0.7155,
0,0.0001,
1,0.6222,
0,0.1578,
0,0.3456,
1,0.5343,
0,0.0272,
0,0.0646,
0,0.0003,
0,0.0546,
1,0.4453,
0,0.0878,
0,0.0878,
0,0.0878,
0,0.0004,
0,0.2530,
0,0.0074,
0,0.0005,
0,0.0509,
0,0.0551,
0,0.0646,
0,0.0700,
0,0.0004,
0,0.0003,
0,0.0007,
0,0.0008,
0,0.0006,
0,0.1509,
0,0.0727,
0,0.0010,
0,0.1596,
0,0.1674,
0,0.1186,
0,0.1922,
0,0.0007,
0,0.3201,
0,0.0350,
0,0.1358,
0,0.1391,
0,0.1303,
0,0.2863,
0,0.0004,
0,0.0978,
0,0.0009,
0,0.0006,
0,0.0012,
0,0.2581,
0,0.0078,
0,0.3324,
0,0.0007,
0,0.1509,
0,0.0084,
0,0.0009,
0,0.0006,
0,0.0005,
0,0.0003,
1,0.8754,
0,0.0597,
0,0.1405,
1,0.7124,
0,0.0442,
0,0.1050,
0,0.1671,
0,0.0001,
0,0.2050,
0,0.2328,
0,0.3471,
0,0.0229,
0,0.0308,
0,0.0004,
0,0.0988,
0,0.1804,
0,0.0008,
0,0.0007,
1,0.8220,
0,0.0083,
0,0.0073,
0,0.0021,
0,0.0005,
0,0.0021,
0,0.0006,
0,0.0572,
0,0.1061,
0,0.0021,
0,0.3516,
0,0.0237,
0,0.1141,
0,0.1392,
